{
"lengthUnit": "mil",
"components": {
	"fields": ["COMPONENT_NO", "COMPONENT_NAME", "LAYER", "X_COORDINATE", "Y_COORDINATE", "ANGLE"],
	"rows": [
		[1, "D2", "B", 12.29, -145.53, 0],
		[2, "U46", "T", 7.29, -20.53, 90],
		[3, "PAD1", "B", -200, 256, 0],
		[4, "PAD2", "B", -200, -256, 0],
		[5, "PAD3", "B", -200, -70, 0],
		[6, "PAD4", "B", -200, 40, 0]
	]
},
"pins": {
	"fields": ["PIN_NO", "PIN_NAME", "PIN_X", "PIN_Y", "LAYER", "PIN_TYPE", "NET_NAME", "NET_TYPE", "PAD_SHAPE", "PAD_SIZEX", "PAD_SIZEY", "HOLE_SIZE"],
	"rows": [
		[1, "D2_2", -54.63, -145.53, "B", "SMD", "COL", "", "R", 51.18, 51.18, 0],
		[2, "D2_1", 79.22, -145.53, "B", "SMD", "U1_2", "", "R", 51.18, 51.18, 0],
		[3, "U46_1", 207.3, -270.53, "B", "SMD", "ROW", "", "R", 100.39, 98.42, 0],
		[4, "U46_2", 107.3, 269.47, "B", "SMD", "U1_2", "", "R", 100.39, 98.42, 0],
		[5, "PAD1_2", -200, 256, "B", "SMD", "ROW", "", "R", 80, 80, 0],
		[6, "PAD2_2", -200, -256, "B", "SMD", "ROW", "", "R", 80, 80, 0],
		[7, "PAD3_2", -200, -70, "B", "SMD", "COL", "", "R", 80, 80, 0],
		[8, "PAD4_2", -200, 40, "B", "SMD", "COL", "", "R", 80, 80, 0]
	]
}
}