{
"lengthUnit": "mil",
"components": {
	"fields": ["COMPONENT_NO", "COMPONENT_NAME", "LAYER", "X_COORDINATE", "Y_COORDINATE", "ANGLE"],
	"rows": [
		[1, "D2", "B", 132.29, -15.53, 90],
		[2, "U46", "T", 7.29, -20.53, 180],
		[3, "PAD1", "B", -269.24, -230, 0],
		[4, "PAD2", "B", 242.76, -230, 0],
		[5, "PAD3", "B", 0, -230, 0]
	]
},
"pins": {
	"fields": ["PIN_NO", "PIN_NAME", "PIN_X", "PIN_Y", "LAYER", "PIN_TYPE", "NET_NAME", "NET_TYPE", "PAD_SHAPE", "PAD_SIZEX", "PAD_SIZEY", "HOLE_SIZE", "PAD_ANGLE"],
	"rows": [
		[1, "D2_1", 132.29, 51.39, "B", "SMD", "COL", "", "R", 51.18, 51.18, 0, 90],
		[2, "D2_2", 132.29, -82.46, "B", "SMD", "COL", "", "R", 51.18, 51.18, 0, 90],
		[3, "U46_1", 257.29, 179.47, "B", "SMD", "COL", "", "R", 100.39, 98.42, 0, 180],
		[4, "U46_2", -282.71, 79.47, "B", "SMD", "ROW", "", "R", 100.39, 98.42, 0, 180],
		[5, "PAD1_2", -269.24, -230, "B", "SMD", "ROW", "", "R", 80, 80, 0, 90],
		[6, "PAD2_2", 242.76, -230, "B", "SMD", "ROW", "", "R", 80, 80, 0, 90],
		[7, "PAD3_2", 0, -230, "B", "SMD", "COL", "", "R", 80, 200, 0, 90]
	]
}
}